"Timestamp","FULL NAME","GENDER","AGE","DEPARTMENT","What is your current employment status?
","1.  How satisfied are you with your current job in the IT sector?","2.  On a scale of 1 to 10, how engaged do you feel in your daily work tasks?","3.  What factors contribute most to your overall job satisfaction?","4. Are you aware of the leadership development programs in your organization? ","5.  How frequently are employees recognized for their contributions within your organization?","6.  To what extent do professional development opportunities influence your commitment to the organization?","7.   Which aspect of leadership development is most crucial for your career growth?","8.  Do you think leadership development initiatives contribute to a positive perception of leadership?","9.  In your opinion, how can leadership development initiatives be improved to enhance employee perception?","10.  Do you believe there is a correlation between leadership development and career advancement within your organization?","11.  Which leadership style do you believe fosters a culture of innovation within your organization?","12.  How would you rate the communication skills of the leadership team in your organization?","13.  How has the shift to remote work influenced leadership practices within your IT organization?","14.  How do you perceive the level of innovation within the IT sector of Thane District compared to other regions?","15.  Have you experienced any barriers to accessing career development opportunities within your organization?","16.  Have you received training or guidance on leveraging communication tools for effective team collaboration as part of leadership development programs?","17.  Have you noticed any positive impacts on project outcomes and team performance as a result of agile leadership training?","18.  Have you observed instances where leadership successfully navigated organizational changes within the IT sector?","19.  How does employee empowerment impact your job satisfaction and engagement?","20.  In what ways can leadership development programs be better aligned with evolving trends and technologies in the IT sector?","21.  How often does your organization seek feedback on leadership development initiatives?","22.  In your opinion, what is the most effective way to gather feedback on leadership development programs?","23.  Do you believe that employee feedback is adequately acted upon by leadership in your organization?","24.  How diverse and inclusive do you perceive the IT sector of Thane District to be?","25.  Have you observed any instances of burnout among employees within the IT sector of Thane District? "
"2024/02/09 4:58:20 pm GMT+5:30","Ameet","Male","18-25","HR","Full-time permanent","Very satisfied","1-3","Compensation","No","Regularly","Low influence","Training workshops","Agree","Increased communication","Strongly believe","Visionary","Average","Increased reliance on digital tools for management","Similar","Yes","No","No","No","Negatively","Incorporating industry guest speakers and experts","Occasionally","One-on-one interviews","No","Moderately diverse and inclusive","Not sure"
"2024/02/09 5:04:16 pm GMT+5:30","Prashant Singh ","Male","18-25","HR","Remote/flexible","Satisfied","4-6","Work environment","Yes","Occasionally","High influence","Skill development","Agree","Increased communication","c) Neutral","Democratic","Average","Present challenges in maintaining team cohesion","Similar","No","Yes","Yes","Yes","Positively","Incorporating industry guest speakers and experts","Regularly","Surveys","Yes","Very diverse and inclusive","Not sure"
"2024/02/09 5:06:12 pm GMT+5:30","Shaikh Bushra ","female","18-25","HR","Remote/flexible","Very dissatisfied","9-10","Professional growth opportunities","No","Rarely","Low influence","Networking opportunities","Neutral","Better alignment with employee needs","c) Neutral","Collaborative","Very poor","No significant change","Lower","No","Yes","c) Not sure","Yes","Positively","Providing access to cutting-edge resources and tools","Occasionally","One-on-one interviews","Sometimes","Very diverse and inclusive","Yes"
"2024/02/09 5:17:26 pm GMT+5:30","Priya Gupta","female","18-25","Marketing","Part-time permanent","Satisfied","4-6","Work environment","Yes","Rarely","Moderate influence","Training workshops","Neutral","Other","Believe","Democratic","Average","Enhanced communication and collaboration","Similar","No","No","c) Not sure","Not sure","Negatively","Providing access to cutting-edge resources and tools","Never","Focus groups","Yes","Moderately diverse and inclusive","Not sure"
"2024/02/09 5:18:16 pm GMT+5:30","Mohan","Male","26-35","Marketing","Full-time permanent","Satisfied","7-8","Work environment","No","Rarely","Moderate influence","Mentorship programs","Agree","Increased communication","Believe","Visionary","Good","Increased reliance on digital tools for management","Higher","Yes","Yes","Yes","Yes","Positively","Incorporating industry guest speakers and experts","Regularly","Focus groups","Yes","Moderately diverse and inclusive","Yes"
"2024/02/09 5:24:22 pm GMT+5:30","Ashish Pandey","Male","18-25","Finance","Contract/casual","Very dissatisfied","4-6","Work environment","Yes","Occasionally","Moderate influence","Skill development","Disagree","More personalized programs","Strongly believe","Collaborative","Average","No significant change","Higher","Yes","Yes","Yes","Not sure","Negatively","Regularly updating content and curriculum","Regularly","Focus groups","Yes","Very diverse and inclusive","Yes"
"2024/02/09 5:53:07 pm GMT+5:30","Bhavesh Nigade ","Male","18-25","HR","Part-time permanent","Neutral","1-3","Professional growth opportunities","Yes","Occasionally","Moderate influence","Skill development","Neutral","More personalized programs","Neutral","Collaborative","Excellent","Enhanced communication and collaboration","Higher","Yes","Yes","Yes","Yes","Positively","Incorporating industry guest speakers and experts","Regularly","Surveys","Yes","Very diverse and inclusive","Yes"
"2024/02/09 5:53:27 pm GMT+5:30","Udaya ","female","18-25","Other","Remote/flexible","Neutral","4-6","Work environment","Yes","Regularly","High influence","Skill development","Agree","Other","Believe","Collaborative","Good","Enhanced communication and collaboration","Similar","No","Yes","Yes","Yes","Positively","Regularly updating content and curriculum","Occasionally","Anonymous suggestion boxes","Yes","Moderately diverse and inclusive","Not sure"
"2024/02/09 5:56:02 pm GMT+5:30","Komal Negi ","female","18-25","Other","Remote/flexible","Neutral","7-8","Professional growth opportunities","Yes","Occasionally","Moderate influence","Skill development","Neutral","Increased communication","Believe","Collaborative","Good","Enhanced communication and collaboration","Similar","Unsure","No","Yes","Yes","Positively","Regularly updating content and curriculum","Occasionally","Surveys","Yes","Moderately diverse and inclusive","No"
"2024/02/09 5:57:09 pm GMT+5:30","Sapna Bind","female","18-25","Other","Part-time permanent","Neutral","7-8","Work environment","No","Occasionally","Moderate influence","Training workshops","Neutral","Increased communication","Neutral","Democratic","Good","Present challenges in maintaining team cohesion","Similar","Unsure","No","Not sure","Not sure","No significant impact","Providing access to cutting-edge resources and tools","Occasionally","Surveys","Yes","Moderately diverse and inclusive","Not sure"
"2024/02/09 5:57:50 pm GMT+5:30","Omkar ","Male","18-25","Other","Contract/casual","Satisfied","7-8","Work environment","No","Occasionally","Moderate influence","Skill development","Agree","More personalized programs","Neutral","Collaborative","Good","Enhanced communication and collaboration","Similar","Unsure","Yes","Not sure","Yes","Positively","Providing access to cutting-edge resources and tools","Rarely","Anonymous suggestion boxes","Yes","Moderately diverse and inclusive","Not sure"
"2024/02/09 6:00:16 pm GMT+5:30","Pooja patel ","female","18-25","Other","Full-time permanent","Very satisfied","9-10","Leadership","Yes","Regularly","High influence","Skill development","Strongly agree","More personalized programs","Strongly believe","Collaborative","Excellent","Enhanced communication and collaboration","Higher","Yes","Yes","Yes","Yes","Positively","Regularly updating content and curriculum","Regularly","Surveys","Yes","Very diverse and inclusive","Yes"
"2024/02/09 6:01:48 pm GMT+5:30","Priyesh Pardhi ","Male","18-25","HR","Full-time permanent","Very satisfied","1-3","Work environment","Yes","Rarely","Moderate influence","Networking opportunities","Neutral","Better alignment with employee needs","Strongly do not believe","Democratic","Good","Increased reliance on digital tools for management","Similar","Unsure","Yes","Yes","No","Negatively","Providing access to cutting-edge resources and tools","Rarely","Anonymous suggestion boxes","No","Very diverse and inclusive","Yes"
"2024/02/09 6:03:58 pm GMT+5:30","Pooja yadav ","female","18-25","HR","Full-time permanent","Satisfied","7-8","Compensation","Yes","Occasionally","Moderate influence","Skill development","Agree","More personalized programs","Believe","Collaborative","Excellent","Increased reliance on digital tools for management","Similar","No","Yes","Not sure","Not sure","Positively","Other","Occasionally","Focus groups","Yes","Very diverse and inclusive","Not sure"
"2024/02/09 6:04:44 pm GMT+5:30","Sumeet Vishwakarma","Male","18-25","Other","Contract/casual","Satisfied","4-6","Compensation","Yes","Rarely","Moderate influence","Training workshops","Agree","Increased communication","Believe","Democratic","Good","Increased reliance on digital tools for management","Similar","Yes","No","Yes","No","Negatively","Providing access to cutting-edge resources and tools","Occasionally","Anonymous suggestion boxes","No","Not very diverse and inclusive","Yes"
"2024/02/09 6:10:34 pm GMT+5:30","KASHISH CHAURASIA ","female","18-25","HR","Part-time permanent","Neutral","4-6","Work environment","Yes","Occasionally","Moderate influence","Skill development","Agree","Increased communication","Believe","Visionary","Good","Enhanced communication and collaboration","Similar","Yes","Yes","Yes","Yes","Positively","Regularly updating content and curriculum","Regularly","Surveys","Yes","Very diverse and inclusive","Yes"
"2024/02/09 6:19:19 pm GMT+5:30","Titiksha ","female","18-25","HR","Full-time permanent","Neutral","4-6","Work environment","No","Regularly","Moderate influence","Training workshops","Neutral","Increased communication","Neutral","Collaborative","Average","No significant change","Similar","Unsure","Yes","Not sure","Not sure","No significant impact","Incorporating industry guest speakers and experts","Occasionally","Surveys","Sometimes","Moderately diverse and inclusive","Not sure"
"2024/02/09 6:31:22 pm GMT+5:30","Nitu Prajapati ","female","18-25","Marketing","Part-time permanent","Satisfied","4-6","Work environment","Yes","Occasionally","Moderate influence","Skill development","Agree","Increased communication","Neutral","Visionary","Good","Increased reliance on digital tools for management","Lower","No","Yes","Yes","Yes","Positively","Regularly updating content and curriculum","Regularly","Surveys","Yes","Very diverse and inclusive","Yes"
"2024/02/09 6:34:03 pm GMT+5:30","Purva shinde","female","18-25","HR","Part-time permanent","Very satisfied","4-6","Work environment","No","Rarely","Moderate influence","Training workshops","Disagree","Increased communication","Believe","Collaborative","Excellent","Enhanced communication and collaboration","Higher","No","No","No","Not sure","Positively","Regularly updating content and curriculum","Regularly","Surveys","Yes","Moderately diverse and inclusive","Yes"
"2024/02/09 6:45:21 pm GMT+5:30","Khan Fuzail Ahmed Fahim ","Male","18-25","Other","Remote/flexible","Neutral","4-6","Work environment","No","Occasionally","Moderate influence","Skill development","Strongly agree","Increased communication","Neutral","Democratic","Good","No significant change","Similar","Unsure","No","Not sure","Not sure","No significant impact","Other","Never","Other","Sometimes","Not very diverse and inclusive","Not sure"
"2024/02/09 6:48:44 pm GMT+5:30","Payal Ajay Gupta ","female","18-25","HR","Full-time permanent","Very satisfied","1-3","Professional growth opportunities","Yes","Regularly","Low influence","Skill development","Strongly disagree","Increased communication","Do not believe","Democratic","Average","No significant change","Similar","Unsure","No","Yes","Not sure","Negatively","Providing access to cutting-edge resources and tools","Never","Anonymous suggestion boxes","Sometimes","Very diverse and inclusive","No"
"2024/02/09 6:51:40 pm GMT+5:30","Pari Suhas Bhavsar ","female","18-25","Finance","Remote/flexible","Neutral","4-6","Work environment","Yes","Occasionally","Moderate influence","Skill development","Agree","Increased communication","Believe","Collaborative","Good","Increased reliance on digital tools for management","Similar","Unsure","Yes","Yes","Not sure","Positively","Incorporating industry guest speakers and experts","Occasionally","Focus groups","Sometimes","Moderately diverse and inclusive","Not sure"
"2024/02/09 7:07:59 pm GMT+5:30","Himmatsingh Devda","Male","18-25","Other","Remote/flexible","Satisfied","7-8","Work environment","Yes","Regularly","High influence","Skill development","Strongly agree","More personalized programs","Strongly believe","Collaborative","Excellent","Enhanced communication and collaboration","Similar","Yes","Yes","Yes","Yes","Positively","Regularly updating content and curriculum","Regularly","One-on-one interviews","Yes","Very diverse and inclusive","Not sure"
"2024/02/09 7:16:23 pm GMT+5:30","Sneha Sardal","female","18-25","Other","Contract/casual","Neutral","7-8","Leadership","Yes","Occasionally","Low influence","Mentorship programs","Agree","Increased communication","Believe","Visionary","Average","Increased reliance on digital tools for management","Similar","No","No","Yes","Yes","Positively","Incorporating industry guest speakers and experts","Occasionally","Focus groups","No","Moderately diverse and inclusive","Yes"
"2024/02/09 7:27:02 pm GMT+5:30","Sakshi Singh ","female","18-25","Other","Full-time permanent","Very satisfied","1-3","Work environment","Yes","Regularly","High influence","Skill development","Strongly agree","More personalized programs","Believe","Democratic","Good","Enhanced communication and collaboration","Similar","Yes","Yes","Yes","Yes","Positively","Other","Never","Other","No","Very diverse and inclusive","Yes"
"2024/02/09 7:34:15 pm GMT+5:30","Sephali pandurang kadam ","female","18-25","HR","Full-time permanent","Satisfied","4-6","Work environment","Yes","Regularly","High influence","Skill development","Agree","Increased communication","Believe","Collaborative","Excellent","Enhanced communication and collaboration","Higher","Yes","Yes","Yes","Yes","Positively","Regularly updating content and curriculum","Regularly","Surveys","Yes","Very diverse and inclusive","Yes"
"2024/02/09 8:23:01 pm GMT+5:30","Sherebano Burhanpurwala ","female","18-25","HR","Contract/casual","Neutral","4-6","Work environment","No","Occasionally","Moderate influence","Mentorship programs","Agree","Increased communication","Neutral","Democratic","Average","Present challenges in maintaining team cohesion","Similar","Unsure","No","No","No","No significant impact","Providing access to cutting-edge resources and tools","Rarely","One-on-one interviews","No","Moderately diverse and inclusive","No"
"2024/02/09 8:38:38 pm GMT+5:30","Khushi ","female","18-25","Marketing","Remote/flexible","Neutral","7-8","Professional growth opportunities","Yes","Rarely","Moderate influence","Mentorship programs","Neutral","Increased communication","Believe","Visionary","Average","Increased reliance on digital tools for management","Similar","No","Yes","Not sure","Not sure","No significant impact","Incorporating industry guest speakers and experts","Occasionally","Surveys","Sometimes","Moderately diverse and inclusive","Not sure"
"2024/02/09 9:02:11 pm GMT+5:30","ASP","Male","18-25","Finance","Remote/flexible","Neutral","9-10","Leadership","Yes","Never","Moderate influence","Skill development","Agree","Better alignment with employee needs","Neutral","Collaborative","Excellent","Present challenges in maintaining team cohesion","Similar","Unsure","Yes","Not sure","Yes","No significant impact","Incorporating industry guest speakers and experts","Occasionally","One-on-one interviews","No","Not very diverse and inclusive","No"
"2024/02/09 9:18:48 pm GMT+5:30","Anjali utekar ","female","18-25","HR","Full-time permanent","Satisfied","1-3","Leadership","Yes","Regularly","High influence","Skill development","Agree","Better alignment with employee needs","Believe","Collaborative","Good","Increased reliance on digital tools for management","Similar","Yes","Yes","Yes","Yes","Positively","Incorporating industry guest speakers and experts","Regularly","Focus groups","Yes","Very diverse and inclusive","Yes"
"2024/02/09 11:19:19 pm GMT+5:30","Dipesh Mahesh Adelkar ","Male","18-25","Other","Full-time permanent","Very satisfied","1-3","Leadership","Yes","Regularly","High influence","Training workshops","Neutral","More personalized programs","Strongly believe","Collaborative","Very poor","Increased reliance on digital tools for management","Similar","Unsure","Yes","Yes","Yes","Positively","Regularly updating content and curriculum","Never","Anonymous suggestion boxes","Sometimes","Very diverse and inclusive","Yes"
"2024/02/10 1:17:39 pm GMT+5:30","Apke hone wale aa ji","Male","18-25","HR","Full-time permanent","Neutral","4-6","Compensation","Yes","Regularly","High influence","Skill development","Strongly agree","More personalized programs","Strongly believe","Visionary","Average","No significant change","Similar","Yes","No","Not sure","Yes","Positively","Incorporating industry guest speakers and experts","Occasionally","Surveys","Yes","Very diverse and inclusive","Yes"
"2024/02/10 1:22:21 pm GMT+5:30","Nihal Shaikh ","Male","18-25","Marketing","Contract/casual","Dissatisfied","9-10","Work environment","Yes","Regularly","Moderate influence","Skill development","Agree","Increased communication","Neutral","Democratic","Good","Increased reliance on digital tools for management","Higher","Unsure","No","Yes","Yes","Positively","Providing access to cutting-edge resources and tools","Regularly","Focus groups","Yes","Very diverse and inclusive","Yes"
"2024/02/10 1:50:13 pm GMT+5:30","Aditya Mishra ","Male","18-25","Finance","Full-time permanent","Satisfied","4-6","Work environment","Yes","Regularly","High influence","Training workshops","Agree","Increased communication","Strongly believe","Collaborative","Good","Enhanced communication and collaboration","Higher","No","Yes","Yes","Yes","Positively","Incorporating industry guest speakers and experts","Regularly","Focus groups","Yes","Very diverse and inclusive","Yes"
"2024/02/10 1:51:21 pm GMT+5:30","Devi Lal Singh","Male","26-35","Marketing","Full-time permanent","Very satisfied","4-6","Leadership","Yes","Occasionally","Moderate influence","Mentorship programs","Agree","More personalized programs","Strongly believe","Collaborative","Good","Enhanced communication and collaboration","Higher","No","Yes","Yes","Yes","Negatively","Regularly updating content and curriculum","Rarely","Focus groups","Yes","Very diverse and inclusive","Yes"
"2024/02/10 1:53:49 pm GMT+5:30","Peter Parker ","Male","26-35","Other","Part-time permanent","Neutral","7-8","Work environment","Yes","Occasionally","Moderate influence","Skill development","Agree","Increased communication","Do not believe","Collaborative","Good","Increased reliance on digital tools for management","Higher","No","Yes","Not sure","No","Positively","Providing access to cutting-edge resources and tools","Occasionally","Focus groups","Yes","Moderately diverse and inclusive","No"
"2024/02/10 1:55:03 pm GMT+5:30","Tony Stark","Male","46+","Finance","Contract/casual","Satisfied","7-8","Leadership","Yes","Never","Moderate influence","Mentorship programs","Agree","More personalized programs","Strongly do not believe","Collaborative","Excellent","Enhanced communication and collaboration","Similar","Yes","Yes","Not sure","Yes","Positively","Incorporating industry guest speakers and experts","Occasionally","Surveys","No","Very diverse and inclusive","Yes"
"2024/02/10 1:56:46 pm GMT+5:30","Vision","Male","36-45","HR","Part-time permanent","Dissatisfied","7-8","Work environment","Yes","Regularly","Low influence","Skill development","Disagree","Better alignment with employee needs","Believe","Collaborative","Excellent","Increased reliance on digital tools for management","Higher","Yes","Yes","Yes","Yes","Positively","Incorporating industry guest speakers and experts","Occasionally","Focus groups","Yes","Moderately diverse and inclusive","Yes"
"2024/02/10 2:29:18 pm GMT+5:30","Adarsh Mishra","Male","18-25","Other","Full-time permanent","Very satisfied","7-8","Professional growth opportunities","No","Occasionally","Moderate influence","Skill development","Neutral","Better alignment with employee needs","Neutral","Collaborative","Excellent","No significant change","Similar","Unsure","Yes","Yes","Not sure","Positively","Regularly updating content and curriculum","Occasionally","Anonymous suggestion boxes","Sometimes","Moderately diverse and inclusive","Not sure"
"2024/02/10 6:48:49 pm GMT+5:30","Bishal ","Male","36-45","Marketing","Full-time permanent","Very satisfied","1-3","Work environment","No","Occasionally","High influence","Training workshops","Disagree","More personalized programs","Strongly believe","Collaborative","Excellent","Enhanced communication and collaboration","Higher","Yes","Yes","Yes","Yes","Positively","Regularly updating content and curriculum","Regularly","Surveys","Yes","Very diverse and inclusive","Yes"
"2024/02/10 6:49:47 pm GMT+5:30","Baby ko base pasand h","female","36-45","Marketing","Full-time permanent","Satisfied","1-3","Work environment","No","Occasionally","High influence","Skill development","Strongly agree","More personalized programs","Strongly believe","Collaborative","Good","Enhanced communication and collaboration","Higher","Yes","Yes","Yes","Yes","Positively","Regularly updating content and curriculum","Regularly","Surveys","Yes","Very diverse and inclusive","Yes"
"2024/02/10 7:01:36 pm GMT+5:30","Shivam ","Male","18-25","Other","Full-time permanent","Neutral","4-6","Work environment","Yes","Regularly","High influence","Skill development","Neutral","Other","Believe","Collaborative","Good","Increased reliance on digital tools for management","Similar","Yes","No","Not sure","Not sure","Positively","Regularly updating content and curriculum","Occasionally","One-on-one interviews","Sometimes","Moderately diverse and inclusive","Not sure"
"2024/02/10 7:03:02 pm GMT+5:30","Adi ","Male","18-25","Marketing","Part-time permanent","Satisfied","4-6","Work environment","Yes","Occasionally","Moderate influence","Training workshops","Neutral","More personalized programs","Believe","Democratic","Average","Present challenges in maintaining team cohesion","Similar","No","No","Not sure","Not sure","Positively","Incorporating industry guest speakers and experts","Rarely","Focus groups","Sometimes","Moderately diverse and inclusive","No"
"2024/02/10 7:32:46 pm GMT+5:30","Shiv","Male","18-25","Marketing","Part-time permanent","Satisfied","4-6","Work environment","No","Rarely","Moderate influence","Mentorship programs","Neutral","Other","Neutral","Visionary","Average","Increased reliance on digital tools for management","Similar","Unsure","No","Not sure","Not sure","No significant impact","Other","Occasionally","One-on-one interviews","No","Moderately diverse and inclusive","Not sure"
"2024/02/10 10:49:23 pm GMT+5:30","Aryan Mishra","Male","18-25","Marketing","Full-time permanent","Neutral","7-8","Professional growth opportunities","Yes","Occasionally","High influence","Skill development","Agree","Increased communication","Believe","Democratic","Good","Increased reliance on digital tools for management","Similar","No","Yes","Yes","Yes","Positively","Regularly updating content and curriculum","Occasionally","Focus groups","Yes","Very diverse and inclusive","Yes"
"2024/02/11 10:56:28 am GMT+5:30","Lokesh Gangesh Thakur ","Male","18-25","HR","Part-time permanent","Neutral","4-6","Work environment","Yes","Occasionally","Moderate influence","Training workshops","Neutral","Increased communication","Neutral","Collaborative","Good","Enhanced communication and collaboration","Similar","No","No","No","Yes","Negatively","Regularly updating content and curriculum","Occasionally","One-on-one interviews","No","Moderately diverse and inclusive","Yes"
"2024/02/11 2:51:33 pm GMT+5:30","Sairaj sitaram jadhav","Male","18-25","Finance","Part-time permanent","Very satisfied","4-6","Professional growth opportunities","Yes","Rarely","High influence","Mentorship programs","Agree","Increased communication","Believe","Collaborative","Average","Present challenges in maintaining team cohesion","Lower","Unsure","Yes","Not sure","Not sure","No significant impact","Incorporating industry guest speakers and experts","Rarely","Anonymous suggestion boxes","Sometimes","Moderately diverse and inclusive","Yes"
"2024/02/11 3:16:53 pm GMT+5:30","Shivani pal ","female","18-25","Marketing","Part-time permanent","Satisfied","4-6","Work environment","Yes","Occasionally","Moderate influence","Mentorship programs","Agree","Increased communication","Believe","Visionary","Good","Increased reliance on digital tools for management","Higher","Yes","Yes","Yes","Yes","Positively","Incorporating industry guest speakers and experts","Regularly","Surveys","Yes","Moderately diverse and inclusive","Yes"
"2024/02/11 5:14:55 pm GMT+5:30","Riya Verma","female","26-35","Marketing","Contract/casual","Very satisfied","9-10","Compensation","No","Never","High influence","Training workshops","Disagree","Better alignment with employee needs","Strongly believe","Autocratic","Poor","Present challenges in maintaining team cohesion","Higher","Unsure","No","Yes","Yes","Positively","Providing access to cutting-edge resources and tools","Regularly","One-on-one interviews","No","Very diverse and inclusive","No"
"2024/02/11 5:24:15 pm GMT+5:30","Aditya pawar","Male","26-35","Marketing","Full-time permanent","Very satisfied","1-3","Leadership","Yes","Regularly","High influence","Mentorship programs","Neutral","More personalized programs","Strongly believe","Visionary","Average","Increased reliance on digital tools for management","Higher","Yes","Yes","Yes","No","Negatively","Regularly updating content and curriculum","Regularly","Surveys","Yes","Very diverse and inclusive","Yes"
"2024/02/11 6:10:30 pm GMT+5:30","Pratima pathak","female","18-25","Other","Full-time permanent","Very satisfied","9-10","Leadership","Yes","Regularly","High influence","Mentorship programs","Strongly agree","More personalized programs","Strongly believe","Collaborative","Excellent","Enhanced communication and collaboration","Higher","Yes","Yes","Yes","Yes","Positively","Regularly updating content and curriculum","Regularly","Anonymous suggestion boxes","Yes","Very diverse and inclusive","Yes"
"2024/02/11 7:06:15 pm GMT+5:30","Shinde nandu Kumar Ramesh ","Male","26-35","Other","Full-time permanent","Neutral","1-3","Professional growth opportunities","Yes","Regularly","Moderate influence","Skill development","Agree","Better alignment with employee needs","Believe","Autocratic","Good","Present challenges in maintaining team cohesion","Higher","Yes","Yes","Yes","Yes","Positively","Regularly updating content and curriculum","Rarely","Other","Yes","Moderately diverse and inclusive","Yes"
"2024/02/11 8:17:53 pm GMT+5:30","aman Sharma ","Male","18-25","Finance","Remote/flexible","Neutral","1-3","Work environment","Yes","Rarely","Moderate influence","Training workshops","Disagree","More personalized programs","Strongly do not believe","Democratic","Average","Increased reliance on digital tools for management","Lower","Unsure","Yes","Yes","Yes","Negatively","Other","Rarely","Anonymous suggestion boxes","No","Not very diverse and inclusive","Yes"
"2024/02/11 10:35:32 pm GMT+5:30","Shivangi Ajay sahu","female","18-25","Finance","Part-time permanent","Neutral","1-3","Work environment","Yes","Rarely","Moderate influence","Mentorship programs","Agree","Increased communication","Neutral","Visionary","Average","Increased reliance on digital tools for management","Similar","No","No","No","Not sure","Negatively","Incorporating industry guest speakers and experts","Occasionally","One-on-one interviews","Sometimes","Moderately diverse and inclusive","No"
"2024/02/11 11:14:35 pm GMT+5:30","Shivam Mishra ","Male","18-25","Other","Full-time permanent","Very satisfied","7-8","Professional growth opportunities","Yes","Regularly","Moderate influence","Skill development","Agree","Increased communication","Believe","Collaborative","Excellent","Enhanced communication and collaboration","Higher","Yes","Yes","Yes","Yes","Positively","Regularly updating content and curriculum","Regularly","Surveys","Yes","Very diverse and inclusive","Yes"
"2024/02/11 11:23:18 pm GMT+5:30","Snehal tripathi ","female","18-25","Marketing","Part-time permanent","Very satisfied","4-6","Leadership","Yes","Regularly","High influence","Skill development","Strongly agree","More personalized programs","Strongly believe","Collaborative","Excellent","Enhanced communication and collaboration","Higher","Yes","Yes","Yes","Yes","Positively","Regularly updating content and curriculum","Regularly","Surveys","Yes","Very diverse and inclusive","Yes"
"2024/02/11 11:26:31 pm GMT+5:30","Nisha Jain ","female","18-25","Other","Contract/casual","Satisfied","1-3","Leadership","No","Occasionally","Moderate influence","Skill development","Strongly agree","Increased communication","Strongly believe","Visionary","Excellent","Enhanced communication and collaboration","Higher","Yes","Yes","Yes","Yes","Positively","Regularly updating content and curriculum","Regularly","Surveys","Yes","Very diverse and inclusive","Yes"
"2024/02/12 12:03:38 am GMT+5:30","Anas shaikh ","Male","18-25","Other","Full-time permanent","Satisfied","4-6","Work environment","No","Regularly","Moderate influence","Skill development","Agree","Increased communication","Believe","Visionary","Excellent","Increased reliance on digital tools for management","Lower","Yes","No","No","Yes","Positively","Incorporating industry guest speakers and experts","Never","Focus groups","Yes","Moderately diverse and inclusive","Yes"
"2024/02/12 12:14:51 am GMT+5:30","Raj Wakade","Male","18-25","Other","Full-time permanent","Very dissatisfied","9-10","Leadership","Yes","Regularly","High influence","Training workshops","Disagree","Better alignment with employee needs","Neutral","Autocratic","Average","Present challenges in maintaining team cohesion","Similar","Yes","No","No","No","No significant impact","Providing access to cutting-edge resources and tools","Occasionally","Anonymous suggestion boxes","Sometimes","Not very diverse and inclusive","Yes"
"2024/02/12 2:14:17 am GMT+5:30","Elon musk","Male","36-45","Other","Contract/casual","Neutral","9-10","Leadership","Yes","Regularly","High influence","Skill development","Strongly agree","More personalized programs","Strongly believe","Collaborative","Excellent","Enhanced communication and collaboration","Higher","Yes","Yes","Yes","Yes","Positively","Regularly updating content and curriculum","Regularly","Surveys","Yes","Very diverse and inclusive","Yes"
"2024/02/12 11:23:52 am GMT+5:30","Ajinkya sharad shinde","Male","26-35","Other","Full-time permanent","Neutral","9-10","Work environment","Yes","Regularly","Moderate influence","Skill development","Strongly agree","Better alignment with employee needs","Believe","Visionary","Good","Enhanced communication and collaboration","Higher","Yes","Yes","Yes","Yes","Positively","Regularly updating content and curriculum","Regularly","Surveys","Yes","Very diverse and inclusive","Yes"
"2024/02/12 11:23:59 am GMT+5:30","Saurabh Relekar ","Male","26-35","Other","Full-time permanent","Satisfied","9-10","Leadership","Yes","Regularly","High influence","Training workshops","Agree","More personalized programs","Strongly believe","Collaborative","Excellent","Increased reliance on digital tools for management","Higher","Yes","Yes","Yes","Yes","Positively","Incorporating industry guest speakers and experts","Regularly","Surveys","Yes","Very diverse and inclusive","Yes"
"2024/02/12 11:25:38 am GMT+5:30","Rohit bhimrao bandekar ","Male","18-25","Other","Full-time permanent","Satisfied","4-6","Leadership","Yes","Regularly","High influence","Mentorship programs","Agree","Increased communication","Believe","Collaborative","Excellent","Increased reliance on digital tools for management","Higher","Yes","Yes","Yes","Yes","Positively","Incorporating industry guest speakers and experts","Regularly","Surveys","Yes","Very diverse and inclusive","Yes"
"2024/02/12 6:10:35 pm GMT+5:30","Rohit Gupta","Male","26-35","Other","Remote/flexible","Dissatisfied","1-3","Professional growth opportunities","No","Occasionally","Low influence","Networking opportunities","Strongly disagree","Increased communication","Believe","Democratic","Average","Present challenges in maintaining team cohesion","Higher","Yes","Yes","Not sure","No","Negatively","Regularly updating content and curriculum","Occasionally","One-on-one interviews","Sometimes","Moderately diverse and inclusive","Not sure"
"2024/02/12 6:13:55 pm GMT+5:30","Abhiimanyu Vishwakarma ","Male","26-35","Finance","Contract/casual","Neutral","9-10","Professional growth opportunities","Yes","Never","Low influence","Networking opportunities","Strongly agree","Other","Strongly do not believe","Autocratic","Good","No significant change","Lower","Unsure","Yes","No","Yes","No significant impact","Other","Rarely","Other","No","Not very diverse and inclusive","Yes"
"2024/02/16 11:53:50 am GMT+5:30","Jubed khan","Male","18-25","Marketing","Part-time permanent","Satisfied","7-8","Work environment","Yes","Occasionally","High influence","Mentorship programs","Strongly agree","More personalized programs","Strongly believe","Collaborative","Good","Increased reliance on digital tools for management","Similar","Yes","Yes","No","Yes","Positively","Regularly updating content and curriculum","Regularly","Surveys","Yes","Very diverse and inclusive","Yes"
"2024/02/16 12:55:53 pm GMT+5:30","Krushi thakkar","female","18-25","Marketing","Remote/flexible","Very dissatisfied","7-8","Work environment","No","Regularly","Low influence","Mentorship programs","Neutral","Increased communication","Neutral","Collaborative","Excellent","Present challenges in maintaining team cohesion","Higher","No","Yes","Yes","Yes","Positively","Incorporating industry guest speakers and experts","Occasionally","Surveys","Yes","Not very diverse and inclusive","No"
"2024/02/16 5:35:41 pm GMT+5:30","Raju Vishwakarma ","Male","26-35","Other","Full-time permanent","Satisfied","9-10","Professional growth opportunities","No","Rarely","Low influence","Networking opportunities","Strongly disagree","Better alignment with employee needs","Believe","Visionary","Average","Present challenges in maintaining team cohesion","Higher","Unsure","Yes","No","Not sure","No significant impact","Incorporating industry guest speakers and experts","Occasionally","One-on-one interviews","Sometimes","Moderately diverse and inclusive","Not sure"
"2024/02/16 5:37:08 pm GMT+5:30","Kajal gupta ","female","18-25","Finance","Part-time permanent","Dissatisfied","7-8","Work environment","Yes","Regularly","Moderate influence","Skill development","Strongly disagree","More personalized programs","Do not believe","Democratic","Excellent","Enhanced communication and collaboration","Higher","No","No","Yes","Not sure","Positively","Incorporating industry guest speakers and experts","Occasionally","Focus groups","Yes","Very diverse and inclusive","Yes"
"2024/02/16 5:38:53 pm GMT+5:30","Abhiishek Vishwakarma ","Male","36-45","Marketing","Contract/casual","Very satisfied","4-6","Professional growth opportunities","No","Occasionally","Low influence","Mentorship programs","Disagree","Better alignment with employee needs","Neutral","Autocratic","Good","Present challenges in maintaining team cohesion","Lower","Unsure","No","No","Not sure","No significant impact","Regularly updating content and curriculum","Rarely","Anonymous suggestion boxes","Sometimes","Very diverse and inclusive","Yes"
"2024/02/19 1:54:12 pm GMT+5:30","Ajay Gupta ","Male","18-25","Marketing","Part-time permanent","Neutral","1-3","Compensation","No","Occasionally","Moderate influence","Mentorship programs","Agree","Increased communication","Believe","Democratic","Good","Increased reliance on digital tools for management","Similar","No","No","Not sure","Not sure","Negatively","Providing access to cutting-edge resources and tools","Rarely","Anonymous suggestion boxes","Sometimes","Not very diverse and inclusive","No"
"2024/02/19 1:57:07 pm GMT+5:30","Bharti gupta ","female","18-25","HR","Remote/flexible","Dissatisfied","7-8","Work environment","No","Occasionally","Moderate influence","Skill development","Agree","Increased communication","Believe","Visionary","Excellent","Enhanced communication and collaboration","Similar","No","Yes","No","Not sure","No significant impact","Incorporating industry guest speakers and experts","Never","Anonymous suggestion boxes","Sometimes","Moderately diverse and inclusive","No"
"2024/02/19 1:58:48 pm GMT+5:30","Rahul Sharma ","Male","18-25","Finance","Contract/casual","Dissatisfied","4-6","Compensation","Yes","Rarely","Moderate influence","Training workshops","Neutral","Increased communication","Believe","Visionary","Very poor","No significant change","Similar","No","Yes","No","No","Positively","Incorporating industry guest speakers and experts","Occasionally","One-on-one interviews","Sometimes","Moderately diverse and inclusive","No"
"2024/02/19 2:04:25 pm GMT+5:30","Komal trivedi ","female","26-35","Marketing","Contract/casual","Satisfied","4-6","Work environment","Yes","Occasionally","Moderate influence","Training workshops","Strongly disagree","More personalized programs","Strongly believe","Autocratic","Very poor","Enhanced communication and collaboration","Lower","No","No","Not sure","Yes","Positively","Regularly updating content and curriculum","Regularly","Surveys","Yes","Not very diverse and inclusive","Not sure"
"2024/02/19 2:04:33 pm GMT+5:30","Sneha patakh ","female","36-45","Finance","Part-time permanent","Very dissatisfied","4-6","Professional growth opportunities","No","Rarely","Moderate influence","Mentorship programs","Strongly disagree","Increased communication","Strongly believe","Collaborative","Poor","Increased reliance on digital tools for management","Similar","No","No","Yes","Yes","Positively","Incorporating industry guest speakers and experts","Rarely","One-on-one interviews","No","Moderately diverse and inclusive","Not sure"
"2024/02/19 8:31:47 pm GMT+5:30","Rajesh verma ","Male","36-45","Other","Contract/casual","Very dissatisfied","7-8","Professional growth opportunities","No","Never","Moderate influence","Networking opportunities","Strongly disagree","Better alignment with employee needs","Do not believe","Democratic","Poor","Increased reliance on digital tools for management","Higher","Yes","Yes","Yes","No","Positively","Regularly updating content and curriculum","Regularly","Surveys","Sometimes","Not very diverse and inclusive","Not sure"
"2024/02/19 8:34:33 pm GMT+5:30","Kunal Verma","Male","18-25","Finance","Part-time permanent","Neutral","4-6","Leadership","Yes","Regularly","High influence","Skill development","Strongly agree","More personalized programs","Strongly believe","Collaborative","Excellent","Enhanced communication and collaboration","Similar","Yes","No","No","Not sure","Positively","Regularly updating content and curriculum","Occasionally","One-on-one interviews","Sometimes","Not very diverse and inclusive","Not sure"
"2024/02/19 8:34:51 pm GMT+5:30","Kajal Agarwal ","female","26-35","Other","Part-time permanent","Satisfied","9-10","Compensation","Yes","Rarely","Low influence","Networking opportunities","Strongly disagree","More personalized programs","Strongly do not believe","Autocratic","Very poor","Enhanced communication and collaboration","Lower","Unsure","No","Not sure","No","No significant impact","Providing access to cutting-edge resources and tools","Never","Other","Sometimes","Not very diverse and inclusive","Yes"
"2024/02/19 8:43:46 pm GMT+5:30","Ramesh kumawat ","Male","18-25","Finance","Part-time permanent","Satisfied","1-3","Leadership","Yes","Regularly","High influence","Skill development","Strongly agree","Increased communication","Strongly believe","Collaborative","Excellent","Enhanced communication and collaboration","Higher","Yes","Yes","Yes","Yes","Positively","Regularly updating content and curriculum","Regularly","Surveys","Yes","Very diverse and inclusive","Yes"
"2024/02/19 8:43:59 pm GMT+5:30","Kusum trivedi","female","46+","Other","Contract/casual","Neutral","1-3","Leadership","No","Rarely","Low influence","Networking opportunities","Strongly disagree","Other","Do not believe","Autocratic","Excellent","No significant change","Lower","No","Yes","No","No","Negatively","Incorporating industry guest speakers and experts","Occasionally","Focus groups","No","Very diverse and inclusive","Yes"
"2024/02/19 8:46:07 pm GMT+5:30","Muskan Sharma ","female","26-35","Finance","Full-time permanent","Dissatisfied","4-6","Work environment","No","Regularly","Low influence","Networking opportunities","Strongly agree","Other","Strongly do not believe","Democratic","Very poor","No significant change","Lower","Unsure","Yes","Yes","No","Negatively","Incorporating industry guest speakers and experts","Rarely","Anonymous suggestion boxes","No","Moderately diverse and inclusive","No"
"2024/02/19 11:46:59 pm GMT+5:30","Rani vishwakarma ","female","26-35","Finance","Part-time permanent","Satisfied","7-8","Compensation","No","Regularly","Moderate influence","Mentorship programs","Neutral","Better alignment with employee needs","Strongly do not believe","Autocratic","Poor","Present challenges in maintaining team cohesion","Higher","Yes","Yes","Yes","Yes","Positively","Incorporating industry guest speakers and experts","Occasionally","Focus groups","Yes","Very diverse and inclusive","Not sure"
"2024/02/21 12:02:12 pm GMT+5:30","Suman trivedi ","female","36-45","Finance","Remote/flexible","Dissatisfied","9-10","Work environment","Yes","Regularly","Moderate influence","Mentorship programs","Agree","Better alignment with employee needs","Strongly believe","Visionary","Average","Increased reliance on digital tools for management","Similar","No","No","Not sure","Not sure","Positively","Providing access to cutting-edge resources and tools","Rarely","Anonymous suggestion boxes","No","Moderately diverse and inclusive","Not sure"
"2024/02/21 12:04:09 pm GMT+5:30","kamlesh Vishwakarma ","Male","26-35","Other","Part-time permanent","Satisfied","7-8","Compensation","Yes","Occasionally","Low influence","Training workshops","Strongly disagree","More personalized programs","Strongly do not believe","Collaborative","Excellent","No significant change","Higher","Unsure","Yes","No","Yes","No significant impact","Other","Never","Focus groups","Sometimes","Not very diverse and inclusive","Yes"
"2024/02/22 5:32:01 pm GMT+5:30","Shreya saw","female","18-25","Other","Remote/flexible","Satisfied","7-8","Compensation","No","Regularly","Moderate influence","Skill development","Neutral","More personalized programs","Strongly believe","Collaborative","Good","Increased reliance on digital tools for management","Higher","No","No","No","No","Positively","Regularly updating content and curriculum","Occasionally","Focus groups","Yes","Very diverse and inclusive","Yes"
"2024/02/24 1:01:09 am GMT+5:30","Ramesh","Male","26-35","Finance","Full-time permanent","Neutral","4-6","Work environment","No","Occasionally","Moderate influence","Networking opportunities","Disagree","Better alignment with employee needs","Strongly do not believe","Collaborative","Average","Present challenges in maintaining team cohesion","Lower","Unsure","Yes","Yes","No","No significant impact","Incorporating industry guest speakers and experts","Regularly","One-on-one interviews","Sometimes","Moderately diverse and inclusive","Yes"
"2024/02/24 1:02:29 am GMT+5:30","Reena ","female","36-45","Other","Contract/casual","Dissatisfied","7-8","Work environment","No","Rarely","Low influence","Training workshops","Strongly agree","Other","Do not believe","Autocratic","Average","Enhanced communication and collaboration","Similar","Unsure","Yes","Not sure","Not sure","Negatively","Providing access to cutting-edge resources and tools","Never","One-on-one interviews","Sometimes","Not very diverse and inclusive","Not sure"
"2024/02/24 1:04:20 am GMT+5:30","Ritesh","Male","18-25","Marketing","Part-time permanent","Satisfied","9-10","Professional growth opportunities","No","Never","Low influence","Networking opportunities","Neutral","Other","Strongly do not believe","Democratic","Very poor","Present challenges in maintaining team cohesion","Lower","Unsure","No","Not sure","No","No significant impact","Other","Never","Surveys","Yes","Very diverse and inclusive","Not sure"
"2024/02/24 1:05:49 am GMT+5:30","Rajaram","Male","46+","Finance","Contract/casual","Neutral","4-6","Compensation","No","Never","High influence","Training workshops","Disagree","Increased communication","Strongly do not believe","Collaborative","Good","No significant change","Similar","Unsure","No","Not sure","Not sure","No significant impact","Providing access to cutting-edge resources and tools","Never","Anonymous suggestion boxes","Yes","Very diverse and inclusive","Not sure"
"2024/02/24 1:07:08 am GMT+5:30","Pranjal","female","18-25","HR","Contract/casual","Very satisfied","9-10","Leadership","Yes","Occasionally","High influence","Mentorship programs","Agree","Better alignment with employee needs","Strongly believe","Visionary","Good","Increased reliance on digital tools for management","Higher","No","No","Not sure","No","Positively","Regularly updating content and curriculum","Regularly","Surveys","Yes","Very diverse and inclusive","Not sure"